{"train_loss": 1.0000806709801997, "_timestamp": 1685439903.7042496, "_runtime": 1792.5771386623383, "_step": 39, "val_loss": 7.862775722503662, "_wandb": {"runtime": 1792}}