{"train_loss": 169.34121130416926, "_timestamp": 1684917585.5761523, "_runtime": 1107.2999062538147, "_step": 111, "val_loss": 184.62273075358073, "_wandb": {"runtime": 1099}}