{"train_loss": 30.64153237932796, "_timestamp": 1685051936.707083, "_runtime": 4046.8284859657288, "_step": 29, "val_loss": 68.09943769328596, "_wandb": {"runtime": 4046}}