{"train_loss": 3.8255755357256067, "_timestamp": 1685463098.0262418, "_runtime": 4312.2338988780975, "_step": 29, "val_loss": 5.230773093850203, "_wandb": {"runtime": 4311}}