{"train_loss": 4.072795686635603, "_timestamp": 1685462899.9823787, "_runtime": 1504.732736825943, "_step": 44, "val_loss": 10.150562583309048, "Learning Rate": 0.001, "_wandb": {"runtime": 1504}}