{"train_loss": 8.489184768528368, "_timestamp": 1685469589.803672, "_runtime": 2684.658998966217, "_step": 29, "val_loss": 8.471887034877664, "_wandb": {"runtime": 2684}}