{"train_loss": 4.057121680150949, "_timestamp": 1685442930.0272193, "_runtime": 4315.379623413086, "_step": 29, "val_loss": 5.5458124248993625, "_wandb": {"runtime": 4315}}