{"train_loss": 112.74121667875163, "_timestamp": 1685047517.8115816, "_runtime": 8640.758601665497, "_step": 189, "val_loss": 111.81689281216886, "_wandb": {"runtime": 8688}}