{"train_loss": 26.504663085119773, "_timestamp": 1685099231.5349216, "_runtime": 1520.5193977355957, "_step": 29, "val_loss": 82.15088952887072, "_wandb": {"runtime": 1520}}